[
	{
		"columnNumber": 11,
		"era": "Modern era",
		"techCost": 3100,
		"buildingCost": 500,
		"wonderCost": 1250,
		"techs": [
			{
				"name": "Refrigeration",
				"row": 2,
				"prerequisites": ["Biology", "Electricity"], //todo: offshore platform should need this
				"quote": "'And homeless near a thousand homes I stood, and near a thousand tables pined and wanted food.' - William Wordsworth"
			},
			{
				"name": "Radio",
				"row": 3,
				"prerequisites": ["Electricity"],
				"quote": "'The whole country was tied together by radio. We all experienced the same heroes and comedians and singers. They were giants.' - Woody Allen"
			},
			{
				"name": "Replaceable Parts",
				"row": 4,
				"prerequisites": ["Electricity","Steam Power"],
				"quote": "'Nothing is particularly hard if you divide it into small jobs.' - Henry Ford"
			},
			{
				"name": "Flight",
				"row": 6,
				"prerequisites": ["Steam Power"],
				"quote": "'Aeronautics was neither an industry nor a science. It was a miracle.' - Igor Sikorsky"
			},
			{
				"name": "Railroad",
				"row": 8,
				"prerequisites": ["Steam Power","Dynamite"],
				"quote": "'The introduction of so powerful an agent as steam to a carriage on wheels will make a great change in the situation of man.' - Thomas Jefferson"
			}
		]	
	},
	{
		"columnNumber": 12,
		"era": "Modern era",
		"techCost": 4100,
		"buildingCost": 500,
		"wonderCost": 1250,
		"techs": [
			{
				"name": "Plastics",
				"row": 3,
				"prerequisites": ["Radio","Replaceable Parts"],
				"quote": "'Ben, I want to say one word to you, just one word: plastics.' - Buck Henry and Calder Willingham, The Graduate"
			},
			{
				"name": "Electronics",
				"row": 5,
				"prerequisites": ["Replaceable Parts", "Flight"],
				"quote": "'There's a basic principle about consumer electronics: it gets more powerful all the time and it gets cheaper all the time.' - Trip Hawkins"
			},
			{
				"name": "Ballistics",
				"row": 6,
				"prerequisites": ["Flight"],
				"quote": "'Men, like bullets, go farthest when they are smoothest.' - Jean Paul"
			},
			{
				"name": "Combustion",
				"row": 8,
				"prerequisites": ["Railroad"],
				"quote": "'Any man who can drive safely while kissing a pretty girl is simply not giving the kiss the attention it deserves.' - Albert Einstein"
			}
		]	
	},
	{
		"columnNumber": 13,
		"era": "Atomic era",
		"techCost": 5100,
		"buildingCost": 500,
		"wonderCost": 1250,
		"techs": [
			{
				"name": "Pharmaceuticals",
				"row": 2,
				"prerequisites": ["Plastics","Refrigeration"],
				"quote": "'In nothing do men more nearly approach the gods than in giving health to men.' - Cicero"
			},
			{
				"name": "Atomic Theory",
				"row": 4,
				"prerequisites": ["Plastics","Electronics"],
				"quote": "'The unleashed power of the atom has changed everything save our modes of thinking, and we thus drift toward unparalleled catastrophes.' - Albert Einstein"
			},
			{
				"name": "Radar",
				"row": 6,
				"prerequisites": ["Ballistics","Electronics"],
				"quote": "'Vision is the art of seeing things invisible.' - Jonathan Swift"
			},
			{
				"name": "Combined Arms",
				"row": 8,
				"prerequisites": ["Ballistics","Combustion"],
				"quote": "'The root of the evil is not the construction of new, more dreadful weapons. It is the spirit of conquest.' - Ludwig von Mises"
			}
		]	
	},
	{
		"columnNumber": 14,
		"era": "Atomic era",
		"techCost": 6400,
		"buildingCost": 750,
		"wonderCost": 2000,
		"techs": [
			{
				"name": "Ecology",
				"row": 2,
				"prerequisites": ["Atomic Theory","Pharmaceuticals"],
				"quote": "'Only within the moment of time represented by the present century has one species, man, acquired significant power to alter the nature of his world.' - Rachel Carson"
			},
			{
				"name": "Nuclear Fission",
				"row": 4,
				"prerequisites": ["Atomic Theory","Radar"],
				"quote": "'I am become Death, the destroyer of worlds.' - J. Robert Oppenheimer"
			},
			{
				"name": "Rocketry",
				"row": 6,
				"prerequisites": ["Radar"],
				"quote": "'A good rule for rocket experimenters to follow is this: always assume that it will explode.' - Astronautics Magazine, 1937"
			},
			{
				"name": "Computers",
				"row": 8,
				"prerequisites": ["Combined Arms","Radar"],
				//"uniques": ["+[10]% [Production] [in all cities]","+[10]% [Science] [in all cities]"],
				"quote": "'Computers are like Old Testament gods: lots of rules and no mercy.' - Joseph Campbell"
			}
		]
	},
	{
		"columnNumber": 15,
		"era": "Information era",
		"techCost": 7700,
		"buildingCost": 750,
		"wonderCost": 1250,
		"techs": [
			{
				"name": "Telecommunications",
				"row": 2,
				"prerequisites": ["Ecology"],
				"quote": "'The more we elaborate our means of communication, the less we communicate.' - J.B. Priestly"
			},
			{
				"name": "Mobile Tactics",
				"row": 3,
				"prerequisites": ["Ecology","Nuclear Fission"],
				"quote": "'All men can see these tactics whereby I conquer, but what none can see is the strategy out of which victory is evolved.' - Sun Tzu"
			},
			{
				"name": "Advanced Ballistics",
				"row": 5,
				"prerequisites": ["Nuclear Fission","Rocketry"],
				"quote": "'Our scientific power has outrun our spiritual power, we have guided missiles and misguided men.' - Martin Luther King Jr."
			},
			{
				"name": "Satellites",
				"row": 6,
				"prerequisites": ["Rocketry"],
				"uniques": ["Reveals the entire map"],
				"quote": "'Now, somehow, in some new way, the sky seemed almost alien.' - Lyndon B. Johnson"
			},
			{
				"name": "Robotics",
				"row": 7,
				"prerequisites": ["Rocketry","Computers"],
				"quote": "'1. A robot may not injure a human being or, through inaction, allow a human being to come to harm. 2. A robot must obey any orders given to it by human beings, except when such orders would conflict with the First Law. 3. A robot must protect its own existence as long as such protection does not conflict with the First or Second Law.' - Isaac Asimov"
			},
			{
				"name": "Lasers",
				"row": 8,
				"prerequisites": ["Computers"],
				"quote": "'The night is far spent, the day is at hand: let us therefore cast off the works of darkness, and let us put on the armor of light.' - The Holy Bible: Romans, 13:12"
			}
		]	
	},
	
	{
		"columnNumber": 16,
		"era": "Information era",
		"techCost": 8800,
		"buildingCost": 750,
		"wonderCost": 1250,
		"techs": [
			{
				"name": "Particle Physics",
				"row": 3,
				"prerequisites": ["Mobile Tactics","Telecommunications"],
				"quote": "'Every particle of matter is attracted by or gravitates to every other particle of matter with a force inversely proportional to the squares of their distances.' - Isaac Newton"
			},
			{
				"name": "Nuclear Fusion",
				"row": 5,
				"prerequisites": ["Satellites","Robotics","Advanced Ballistics"],
				"quote": "The release of atomic energy has not created a new problem. It has readily made more urgent the necessity of solving an existing one.' - Albert Einstein"
			},
			{
				"name": "Nanotechnology",
				"row": 6,
				"prerequisites": ["Robotics"],
				"quote": "The impact of nanotechnology is expected to exceed the impact the electronics revolution has had on our lives. - Richard Schwartz"
			},
			{
				"name": "Stealth",
				"row": 7,
				"prerequisites": ["Robotics","Lasers"],
				"quote": "'Be extremely subtle, even to the point of formlessness, be extremely mysterious, even to the point of soundlessness. Thereby you can be the director of the opponent' state' - Sun Tzu"
			}
		]
	},
	{
		"columnNumber": 17,
		"era": "Information era",
		"techCost": 9500,
		"buildingCost": 750,
		"wonderCost": 1250,
		"techs": [
			{
				"name": "Future Tech",
				"row": 5,
				"prerequisites": ["Nanotechnology","Particle Physics","Nuclear Fusion","Stealth"],
				"uniques": [/*"Who knows what the future holds?",*/"Can be continually researched"],
				"quote": "'I think we agree, the past is over.' - George W. Bush"
			}
		]	
	}
]
