[
	{
		"name": "Diamond",
		"resourceType": "Luxury",
		"terrainsCanBeFoundOn": ["Desert","Tundra","Hill"],
		"gold": 3,
		"improvement": "Quarry",
		"improvementStats": {"gold": 2}
	},
 {"name": "Coral",
		"resourceType": "Luxury",
		"terrainsCanBeFoundOn": ["Coast"],
		"production": 1,
  "gold": 2,
		"improvement": "Fishing Boats",
		"improvementStats": {"gold": 1}
 },
 {"name": "Cod",
		"resourceType": "Bonus",
		"terrainsCanBeFoundOn": ["Coast"],
		"gold": 1,
                        "food": 2,
		"improvement": "Fishing Boats",
		"improvementStats": {"food": 1}
 },
 {
		"name": "Pine",
		"resourceType": "Bonus",
		"terrainsCanBeFoundOn": ["Plains"],
		"production": 2,
		"improvement": "Lumber mill",
		"improvementStats": {"production": 1}
	},
 {
		"name": "Oak",
		"resourceType": "Bonus",
		"terrainsCanBeFoundOn": ["Grassland"],
		"production": 2,
		"improvement": "Lumber mill",
		"improvementStats": {"production": 1}
	},
	{
		"name": "Gypsum",
		"resourceType": "Bonus",
		"terrainsCanBeFoundOn": ["Plains","Hill"],
		"food": 1,
		"production": 1,
		"improvement": "Quarry",
		"improvementStats": {"production": 1}
	},
 {"name": "Mercury",
		"resourceType": "Luxury",
		"terrainsCanBeFoundOn": ["Hill","Desert"],
		"science": 2,
		"improvement": "Quarry",
		"improvementStats": {"culture": 1}
 },
 {"name": "Olives",
		"resourceType": "Luxury",
		"terrainsCanBeFoundOn": ["Forest","Grassland"],
		"gold": 1,
  "food":1,
		"improvement": "Plantation",
		"improvementStats": {"gold": 1}
 },
 {"name": "Jade",
		"resourceType": "Luxury",
		"terrainsCanBeFoundOn": ["Forest","Grassland","Tundra"],
		"production": 1,
                        "gold": 1,
		"improvement": "Quarry",
		"improvementStats": {"gold": 1}
 },
 {"name": "Tobacco",
		"resourceType": "Luxury",
		"terrainsCanBeFoundOn": ["Grassland","Jungle","Plains","Forest"],
		"culture": 1,
		"improvement": "Plantation",
		"improvementStats": {"gold": 1}
 },
 {"name": "Turtle",
		"resourceType": "Luxury",
		"terrainsCanBeFoundOn": ["Coast","Ocean"],
		"gold": 2,
  "food": 1,
		"improvement": "Fishing Boats",
		"improvementStats": {"production": 1}
 }
,
 {"name": "Herbs",
		"resourceType": "Luxury",
		"terrainsCanBeFoundOn": ["Forest","Grassland","Marsh"],
		"production": 1,
  "food": 1,
		"improvement": "Plantation",
		"improvementStats": {"production": 1}
 },
 {
		"name": "Taro",
		"resourceType": "Bonus",
		"terrainsCanBeFoundOn": ["Plains","Jungle","Marsh"],
		"food": 2,
		"improvement": "Farm",
		"improvementStats": {"food": 1},
	    "building": "Granary"
	},
{
		"name": "Rice",
		"resourceType": "Bonus",
		"terrainsCanBeFoundOn": ["Flood plains","Grassland","Plains"],
		"food": 2,
		"improvement": "Farm",
		"improvementStats": {"food": 1},
		"building": "Granary"
	},
	{
		"name": "Potato",
		"resourceType": "Bonus",
		"terrainsCanBeFoundOn": ["Plains","Grassland","Tundra"],
		"food": 2,
		"improvement": "Farm",
		"improvementStats": {"food": 1},
		"building": "Granary"
	},
	{
		"name": "Corn",
		"resourceType": "Bonus",
		"terrainsCanBeFoundOn": ["Grassland","Plains","Hill"],
		"gold": 1,
		"food": 1,
		"improvement": "Farm",
		"improvementStats": {"gold": 1, "food": 1},
	"building": "Granary"
	},
	{
		"name": "Flax",
		"resourceType": "Bonus",
		"terrainsCanBeFoundOn": ["Hill","Grassland","Plains"],
		"production": 1,
		"food": 1,
		"improvement": "Plantation",
		"improvementStats": {"gold": 1, "production": 1}
	},
	{
		"name": "Rubber",
		"resourceType": "Luxury",
		"terrainsCanBeFoundOn": ["Jungle","Forest"],
		"gold": 1,
		"production": 1,
		"improvement": "Plantation",
		"improvementStats": {"gold": 1,"production": 1}
	},
	{
		"name": "Hops",
		"resourceType": "Luxury",
		"terrainsCanBeFoundOn": [
			"Grassland",
			"Plains"
		],
		"gold": 1,
		"improvement": "Hop Garden",
		"improvementStats": {
			"gold": 1,
			"happiness": 1
		}
		},
	{
		"name": "Tea",
		"resourceType": "Luxury",
		"terrainsCanBeFoundOn": [
			"Hill",
			"Jungle"
		],
		"gold": 1,
		"improvement": "Plantation",
		"improvementStats": {
			"gold": 1,
			"culture": 1
		}
		},
	{
		"name": "Coffee",
		"resourceType": "Luxury",
		"terrainsCanBeFoundOn": [
			"Hill",
			"Plains",
			"Jungle"
		],
		"gold": 1,
		"improvement": "Plantation",
		"improvementStats": {
			"gold": 1,
			"production": 1
		}
		},
{
		"name": "Camel",
		"resourceType": "Bonus",
		"revealedBy": "Animal Husbandry",
		"terrainsCanBeFoundOn": ["Desert","Desert Hill"],
		"production": 1,
"gold": 1,
		"improvement": "Pasture",
		"improvementStats": {"production": 1}
}
 ]
