[

	{
		"name": "Camp Followers",
		"unitType": "Civilian",
		"movement":2,
		"hurryCostModifier": 10,
		"requiredTech": "Economics",
		"obsoleteTech": "Railroad",
		"uniques": ["Can construct [Fort]","Heal adjacent units for an additional 15 HP per turn"],
		"cost": 130
	},
	{
		"name": "Supplies",
		"unitType": "Civilian",
		"movement":3,
		"hurryCostModifier": 10,
		"requiredTech": "Railroad",
		"uniques": ["Heal adjacent units for an additional 15 HP per turn","Can construct [Fort]","Ignores terrain cost"],
		"cost": 200
	}
]
